ключ_клиента,total_spend,total_cashback,avg_cashback_rate,supermarket_share,diversity_score,n_active_categories,возраст,пол
1,5132758.0,7420.0,0.011685,0.2139167849904606,0.1621679493430608,16,30,M
2,1774402.0,44912.0,0.01176,0.3528268966413307,0.1235861042283596,4,34,F
3,2774705.0,27288.0,0.052476,0.1696772711892432,0.156641302568312,8,20,M
4,2040722.0,57412.0,0.029233,0.1632459768868216,0.1201731774602707,8,39,F
5,1560114.0,43570.0,0.03607,0.2035038611582162,0.1474661719641947,7,39,F
6,6672102.0,22283.0,0.073025,0.5554386086662007,0.1266706704190428,5,43,M
7,488968.0,27876.0,0.050972,0.2492025776060659,0.1205242549726559,3,32,M
8,1856874.0,0.0,0.051445,0.3136763355083111,0.0601474768664461,6,42,M
9,3585453.0,9403.0,0.013672,0.0382254902915331,0.1016090943050066,8,36,M
10,4686325.0,40025.0,0.041209,0.2605974879058825,0.1160150867136372,9,38,F
11,787993.0,0.0,4.2e-05,0.1170666398850137,0.1751670514341565,15,32,F
12,2519873.0,26188.0,0.022384,0.0443878222330474,0.0933684489380654,9,38,F
13,1122433.0,0.0,0.049116,0.4939163548059649,0.1014119311570759,15,44,F
14,1104143.0,0.0,0.038191,0.305220500029878,0.1414482854592822,13,30,M
15,1201925.0,13611.0,0.060506,0.5794416786369025,0.0802310821137819,6,37,M
16,2259738.0,28724.0,0.018626,0.391721492511792,0.0923479234249363,2,25,F
17,6264664.0,0.0,0.0677,0.4971299911524153,0.1691305641588167,1,21,F
18,2588191.0,0.0,0.009229,0.4251177325362138,0.1434664624627563,7,41,F
19,179270.0,49521.0,0.03111,0.4362549512935743,0.1297222936248816,15,31,M
20,3880452.0,44204.0,0.001862,0.4053716608796046,0.1133985754343519,14,30,M
21,2051230.0,4537.0,0.010218,0.26000159656287,0.1266678288409852,6,24,F
22,2191384.0,48822.0,0.033295,0.4424875342114887,0.133079055677471,7,16,M
23,128727.0,22632.0,0.029754,0.1977839083118814,0.2011650460156051,16,49,M
24,3325798.0,32697.0,0.015423,0.342556984172809,0.0776161326433159,12,44,F
25,1504565.0,55754.0,0.091951,0.4167115596204465,0.1119861864758124,15,34,F
26,250755.0,25209.0,0.07413,0.0949368532082748,0.0668997856161462,14,47,M
27,201867.0,39234.0,0.039839,0.2771453107214911,0.1756172864460563,10,28,F
28,5852639.0,77199.0,0.071793,0.5425162753698809,0.1516852406088144,2,40,F
29,726469.0,95283.0,0.064562,0.7865784156004538,0.0768662201870523,16,39,F
30,1036.0,0.0,0.044661,0.5760094221024248,0.1093732628377033,15,36,M
31,1889148.0,17930.0,0.035985,0.1030124045525349,0.0842414080352318,13,30,F
32,625538.0,55790.0,0.026274,0.1085809045591964,0.1416487384578805,6,36,M
33,2686241.0,0.0,0.042495,0.2631540207963714,0.1415172724019925,6,37,F
34,3036538.0,16275.0,6.6e-05,0.3282321241527186,0.0961700515819443,9,28,M
35,3044100.0,41395.0,0.056706,0.3790513856803359,0.0944406186366961,5,44,M
36,460075.0,34882.0,0.069783,0.2775454586370493,0.0845419549691271,4,36,M
37,1973294.0,34424.0,0.032695,0.5157789300434543,0.1630305832973184,12,17,M
38,1058080.0,19389.0,0.084854,0.4321759859790326,0.1192888184223639,9,21,M
39,4086411.0,70548.0,0.073691,0.1790119285851065,0.1140040385877132,9,33,M
40,877243.0,25417.0,0.03929,0.0811613333663098,0.070479499295162,6,60,F
41,1320277.0,0.0,0.017636,0.4268429118129594,0.0966771475571892,9,27,M
42,3909390.0,36266.0,0.03726,0.3127092409688763,0.0708688367271611,12,38,F
43,2207047.0,0.0,0.1156,0.3173642504306854,0.1484170893594997,4,34,M
44,2251115.0,17189.0,0.021902,0.5659706129934983,0.0939808207876007,13,36,F
45,2884323.0,44824.0,0.043172,0.3362085533449644,0.1611664808146886,9,40,M
46,6589506.0,52189.0,0.032029,0.1452945197830464,0.1004983316523202,4,37,F
47,2980628.0,52593.0,0.023821,0.5173200213906226,0.0963385192852137,8,34,M
48,5348998.0,86562.0,0.024578,0.1655765380162773,0.1929687933446687,14,35,M
49,3901480.0,13234.0,0.044779,0.3610658985273068,0.0702283587622085,4,44,F
50,1187982.0,52536.0,0.061044,0.4606274736494321,0.0608181973784635,11,38,M
51,1560896.0,15566.0,0.031395,0.377904913558357,0.0745351504093415,11,37,M
52,2668085.0,26092.0,0.013169,0.0,0.1577045495518707,5,38,F
53,2555071.0,7759.0,0.013133,0.4658494743604575,0.1287090211417775,12,43,F
54,3599122.0,12443.0,0.049257,0.553928103840561,0.0438628420521271,3,37,F
55,3742940.0,73760.0,0.069882,0.434306059912384,0.111894278784591,1,38,M
56,2845597.0,0.0,0.001037,0.1755175011187036,0.0798580234415924,1,30,F
57,4709959.0,87759.0,0.019075,0.0,0.1210911677645669,16,41,M
58,1584792.0,7907.0,0.070552,0.4086140537986097,0.1328712838321477,1,14,F
59,4297468.0,20828.0,0.055237,0.258052263177853,0.0770678375404249,5,37,F
60,4156910.0,63379.0,0.037534,0.7484348073099101,0.0766022510645786,12,39,M
61,856932.0,30078.0,0.043315,0.4353845832596643,0.1161680730647132,3,29,F
62,1371855.0,8457.0,0.001824,0.0,0.0975733964308083,6,25,M
63,4351507.0,16921.0,0.084857,0.1417646547295169,0.14441618562844,6,36,M
64,3500939.0,20109.0,0.028136,0.1678034231771401,0.0727880493375726,17,42,M
65,2705088.0,0.0,0.019891,0.3954397394096164,0.0929355052134856,12,30,F
66,274299.0,0.0,0.01142,0.2063112809184951,0.1343960047296106,9,51,F
67,1978118.0,26511.0,0.033325,0.1182071483871524,0.0995393977495531,14,42,M
68,1938683.0,33599.0,0.033757,0.4096877370489746,0.1101806299291408,7,35,F
69,2816057.0,62584.0,0.000168,0.1444483781685924,0.1288104621999623,4,35,F
70,1045000.0,13624.0,0.020451,0.6046244904250352,0.1346023383078023,2,48,F
71,2141643.0,0.0,0.078919,0.0,0.1744686157229791,6,43,M
72,775378.0,16412.0,0.040194,0.2451972677829243,0.0717970568226861,3,35,M
73,3312320.0,53694.0,0.070781,0.1100611178610573,0.1290702021549346,12,28,F
74,2718693.0,60055.0,0.041979,0.3284362638398745,0.1087024727526529,3,35,F
75,3212886.0,52966.0,0.030909,0.7478078108357981,0.0877984787437437,7,34,M
76,3702766.0,34305.0,0.070661,0.2248992609397079,0.1081397479100242,8,36,M
77,2877850.0,46951.0,0.054112,0.0,0.1054878213959651,15,37,M
78,3859228.0,6824.0,0.064032,0.3567606985168084,0.097386681740448,9,32,M
79,2785798.0,0.0,0.057621,0.4866177112088198,0.1014893648665792,16,17,F
80,2308501.0,22621.0,0.052141,0.1778738195572207,0.1553854339332943,1,34,F
81,1998488.0,0.0,0.028481,0.432058205955907,0.1153260205003134,7,51,M
82,672863.0,5436.0,0.043152,0.4468097044958414,0.1273905182120766,13,37,F
83,451633.0,36437.0,0.028503,0.1300893327450259,0.0549716360198978,7,38,F
84,4082452.0,48336.0,0.077141,0.3575695252123903,0.1196533319130986,11,21,M
85,1956542.0,20278.0,0.016635,0.0640476390447829,0.1549904405713529,2,35,F
86,2909940.0,39699.0,0.06986,0.5044345843475464,0.1180432531949993,9,46,F
87,4956299.0,32907.0,0.038432,0.3778008401465183,0.0723255568542866,6,43,F
88,2199658.0,12157.0,0.049503,0.4715168724356536,0.1299623316214968,7,37,M
89,1753232.0,0.0,0.089371,0.401446689884378,0.1044588662805627,8,38,M
90,3170824.0,59684.0,0.026547,0.1841373610434624,0.0452549333316172,13,31,F
91,1024545.0,0.0,0.033663,0.5911523216455128,0.0619011777932526,11,36,M
92,2885034.0,0.0,0.081715,0.2030068036045929,0.1068348338281431,10,32,F
93,2724467.0,21241.0,0.08097,0.190888705989614,0.1017307882646137,5,31,M
94,2199775.0,7419.0,0.037536,0.4362925960242755,0.1510006833782102,14,24,M
95,4514479.0,31248.0,0.035375,0.4441497654828791,0.0814160338266203,4,26,M
96,3236831.0,27260.0,0.10386,0.4922656341172464,0.0275625908697066,6,37,M
97,6230710.0,0.0,0.02612,0.1759971125636375,0.1435340935910936,9,37,M
98,7018127.0,55287.0,0.007716,0.0485613320279873,0.0786194871631426,17,28,M
99,2166231.0,18525.0,0.023042,0.3672004269904201,0.0790617646935176,13,24,F
100,213.0,76596.0,0.027529,0.1973284899156687,0.1038154039756273,13,26,F
101,2574457.0,0.0,0.011558,0.1807002240908805,0.1035348760326746,14,32,M
102,348400.0,0.0,0.00779,0.3668060890553629,0.0459420667428965,17,33,F
103,1924318.0,24145.0,0.04613,0.5687241746974456,0.0930511301195188,14,27,F
104,2410480.0,0.0,0.01954,0.2476139799485835,0.0820084872920982,2,33,F
105,1990586.0,30799.0,0.05118,0.0112459339103512,0.1019976482059547,13,40,F
106,7156098.0,0.0,0.052821,0.6896332710435635,0.1211436550419841,13,33,F
107,1940888.0,0.0,0.036658,0.1150291915792415,0.1387242618825487,12,30,M
108,1287737.0,79196.0,0.020158,0.404887715184088,0.0903159750496614,3,30,F
109,2113617.0,0.0,0.096203,0.4278436517903936,0.0563620861115276,15,20,F
110,1465145.0,51272.0,0.069013,0.3635738098029522,0.0866893489458116,12,27,M
111,2638103.0,0.0,0.076978,0.3663117253393612,0.1030260201636037,8,37,F
112,1554782.0,76981.0,0.074119,0.1338979096848983,0.1073511747758724,13,34,M
113,3897582.0,46348.0,0.069488,0.5448704617346377,0.0694489315885125,4,38,M
114,1087149.0,11238.0,0.056594,0.1189725418764462,0.07768276477141,7,38,F
115,259080.0,8685.0,0.005512,0.3351800852738455,0.119365457045814,9,49,F
116,1827868.0,0.0,0.018109,0.2588146019817151,0.0567455114604845,5,46,M
117,2474084.0,48212.0,0.015886,0.0384492485482378,0.0889767783509295,10,44,F
118,1238915.0,30461.0,0.0386,0.4390267888606622,0.1001794872283161,2,38,M
119,2796546.0,8522.0,0.045709,0.1927630500100093,0.1168635790298331,16,38,M
120,924297.0,0.0,0.038946,0.2917404797828452,0.0492032062502539,12,45,M
121,3214429.0,54149.0,0.025979,0.725825360866643,0.1387971356133844,15,32,F
122,1523141.0,8236.0,0.018769,0.3695117122079657,0.1390233763149011,14,25,F
123,1313830.0,32365.0,0.019461,0.3269920769619653,0.1432506453243866,17,32,F
124,1688662.0,85606.0,0.038507,0.5330282108777357,0.0969347498625956,2,42,M
125,3489234.0,0.0,0.020635,0.5187790711832295,0.0656840287661349,7,43,F
126,348914.0,61774.0,0.051634,0.1858042135665956,0.093941647318449,3,22,F
127,4259742.0,12696.0,0.069778,0.3579096655611264,0.1829960248809501,7,16,F
128,2363145.0,68860.0,0.0024,0.2301127803967474,0.138185552061785,14,24,F
129,541178.0,49141.0,0.027674,0.3439788491393736,0.1308094510872492,2,30,F
130,2416011.0,0.0,0.022437,0.198611719878386,0.1287206595928846,17,42,F
131,1726506.0,36761.0,0.058977,0.5228018099613756,0.1234750222049468,15,41,M
132,4900424.0,33255.0,0.028736,0.1215379560137939,0.0774809262353626,8,37,F
133,3315535.0,28967.0,0.013301,0.3556063116762962,0.0756869367508823,9,42,M
134,1589572.0,3512.0,0.004574,0.3227648318633939,0.065657871131203,9,36,F
135,2958549.0,26656.0,0.016525,0.3492936638525398,0.1323519660432657,14,23,F
136,1953919.0,45329.0,0.020539,0.3370400891476744,0.1407102021015127,1,39,F
137,5842490.0,36011.0,0.061678,0.3433309341381538,0.0937467296743936,11,32,F
138,278923.0,0.0,0.051131,0.105203548698438,0.0880738332634505,6,43,M
139,1726217.0,47379.0,0.010985,0.3755798311808302,0.0948398838347953,9,44,M
140,2155677.0,35767.0,0.024887,0.3619209467807495,0.1220871602777367,8,50,M
141,2432130.0,26040.0,0.034003,0.1683400500254013,0.0542655581037602,13,39,M
142,2808350.0,0.0,0.050152,0.3065644741227588,0.1240130006439369,12,27,F
143,6174773.0,150.0,0.02298,0.1765912146728148,0.1121699130980246,16,35,M
144,213.0,42941.0,0.017397,0.3207369684487332,0.1004901364809904,17,37,M
145,2131151.0,44290.0,0.041674,0.4325891965444173,0.1883216737983043,16,27,M
146,2672651.0,51101.0,0.027465,0.2502625025745989,0.1320492263565097,17,26,M
147,7029823.0,17861.0,0.075352,0.2837175608101813,0.0887520988535079,6,20,F
148,4449680.0,6327.0,0.021973,0.56358898638097,0.083340742259775,14,21,F
149,1460345.0,100475.0,0.030258,0.4679116682603952,0.1091860674634369,14,36,M
150,1932946.0,22610.0,0.042935,0.3296543555655569,0.1255784939630401,2,25,F
151,5208899.0,30525.0,0.023025,0.2775005034681626,0.1182737494901408,7,45,F
152,3272962.0,20261.0,0.115432,0.2914763098992237,0.1048198692663739,14,39,M
153,1030623.0,39210.0,0.06019,0.1344382161656836,0.13091709574861,15,35,F
154,2225948.0,62210.0,0.058418,0.2064275948963253,0.171776841764028,9,36,F
155,1913086.0,26467.0,0.044612,0.3577228607852756,0.1356445351480067,11,23,F
156,602250.0,0.0,0.057752,0.4911447027298864,0.1316067840654544,1,40,F
157,2105743.0,62191.0,0.005633,0.0841419662183705,0.0717340892242677,7,29,F
158,2003240.0,23116.0,0.060738,0.2521965509953899,0.1254051867656715,1,35,F
159,724995.0,0.0,0.045687,0.4136431222323632,0.1113420265519776,13,37,F
160,2045685.0,27514.0,0.028638,0.1505324449131081,0.1089433970948604,11,47,F
161,1505364.0,0.0,0.000137,0.2573858600490077,0.1181154939891505,6,24,F
162,4931057.0,0.0,0.032636,0.3112917521926467,0.1694913041590965,11,48,F
163,3747701.0,61226.0,0.036679,0.3570718921298115,0.147044422205123,5,47,M
164,5116274.0,7569.0,0.040669,0.2815711359979275,0.1313168844377134,10,28,F
165,618664.0,4614.0,0.008567,0.4364102018487842,0.132729779374967,17,34,F
166,5772241.0,78360.0,0.084302,0.2062446834363394,0.1256811821103278,4,40,M
167,5405320.0,7736.0,0.088003,0.6774781197810311,0.0878587548512876,16,44,M
168,1886419.0,40864.0,0.087971,0.1090719324601011,0.1056803957044268,2,20,M
169,1772957.0,0.0,0.025769,0.1433640516397512,0.0372187425248322,6,30,F
170,1923318.0,28937.0,0.006706,0.4959574700850666,0.1623495640005677,4,38,M
171,727867.0,0.0,0.019655,0.322241671701326,0.1599798344338044,7,27,F
172,6460030.0,40226.0,0.040787,0.4107423818741968,0.1737865465084445,4,14,F
173,3267699.0,0.0,0.077515,0.2792209014447414,0.1111062497407267,15,46,F
174,1889481.0,39382.0,0.055989,0.3154121848233236,0.0981336948565267,9,44,F
175,2530552.0,41545.0,0.018531,0.4702033049618001,0.1146954720922298,4,33,M
176,6169347.0,0.0,0.019719,0.2593925381373316,0.0996441802456182,14,55,M
177,3872133.0,0.0,0.0417,0.2777304851284314,0.1199758586470933,9,37,F
178,4555141.0,0.0,0.042918,0.4859515161902022,0.1421636432568788,4,28,F
179,4261350.0,70103.0,0.049352,0.0897837313614042,0.0921598419752305,12,33,F
180,5676534.0,43281.0,0.046092,0.463931253401442,0.136584794319646,13,18,M
181,2469859.0,192.0,0.008303,0.3792698696191267,0.124433657357331,3,31,F
182,5055072.0,23042.0,0.016761,0.5466967600105498,0.1018873275823675,13,28,F
183,3710911.0,0.0,0.038231,0.0,0.121331021096936,12,30,F
184,22034.0,0.0,0.029898,0.494276566726395,0.0439365693864319,2,18,F
185,110221.0,42692.0,0.037512,0.5161809158279798,0.0619911652874683,17,36,F
186,3124865.0,29952.0,0.047854,0.3739878653247611,0.0843930616592304,13,25,M
187,734822.0,38282.0,0.103396,0.3352487629643767,0.1000296703129661,6,21,M
188,1593394.0,51191.0,0.011716,0.3164872181574879,0.1649909813007478,16,44,F
189,3576564.0,0.0,0.054333,0.4368940919271658,0.1220470968179577,1,53,M
190,2251300.0,18148.0,0.073041,0.3515854398819106,0.0880386784904644,5,17,M
191,2864489.0,10310.0,0.008995,0.5663755970519085,0.1298508364788049,14,26,F
192,2871426.0,26764.0,0.084505,0.4765767367582633,0.1221649415965741,7,34,M
193,5047924.0,0.0,0.057758,0.3831613264696906,0.1153712094060192,15,51,M
194,2464401.0,0.0,0.022375,0.3443698265330572,0.1734540983825834,12,37,F
195,3577169.0,30668.0,0.037735,0.3806294231157011,0.1427356532594567,9,31,M
196,4321122.0,52929.0,0.01226,0.3564880805929015,0.1153960105571597,12,24,F
197,1711645.0,27686.0,0.071114,0.367697759603328,0.0953904283021838,13,27,M
198,1717032.0,32239.0,0.004487,0.3699579200954669,0.0557993411644117,11,29,F
199,3993074.0,25272.0,0.037073,0.2341613392110705,0.1084760929016512,15,28,M
200,2512240.0,0.0,0.043238,0.2049820885087229,0.1558253261313204,13,26,F
201,565923.0,85816.0,0.039527,0.3054579781555324,0.1255300042947446,9,37,F
202,428527.0,66576.0,0.05042,0.332912466833896,0.130877821683343,14,36,M
203,3473511.0,3654.0,0.034495,0.3742915261650549,0.1072402007409814,8,32,M
204,451539.0,0.0,0.059899,0.3466842436664871,0.1242816209318547,1,31,M
205,3441749.0,46365.0,4.6e-05,0.3898794791060907,0.0910187215005956,13,38,M
206,3770302.0,18106.0,0.062933,0.2840465112884402,0.0465774925213006,16,31,F
207,2075321.0,29776.0,0.073643,0.2124304200536912,0.095185088487153,6,23,F
208,1326926.0,0.0,0.002275,0.350209547797522,0.1101791076818593,10,43,F
209,3113939.0,5708.0,0.042539,0.2762740357750334,0.1004005761060922,6,46,F
210,968869.0,37969.0,0.057373,0.1691236715249715,0.0931052429416887,6,30,M
211,803448.0,13286.0,0.016934,0.3908242013970345,0.0901176084086103,9,21,F
212,2177119.0,76220.0,0.021952,0.0,0.1222609321586344,8,36,M
213,1528610.0,2355.0,0.013393,0.5849648101665208,0.0899046987816388,11,41,M
214,505355.0,9073.0,0.07323,0.4573383884876461,0.136652446061933,13,35,F
215,802082.0,57710.0,0.054445,0.4674118865359465,0.1043534927563401,14,24,F
216,3876752.0,32231.0,0.030611,0.190476171493742,0.1150420540198986,7,32,F
217,3197924.0,75656.0,0.01471,0.3155757760604032,0.0689956853750013,11,36,M
218,778918.0,57381.0,0.001654,0.3564211745957886,0.0761810877179929,9,46,F
219,1766658.0,32493.0,0.040982,0.0,0.081473505710359,13,32,M
220,1326574.0,36657.0,0.045346,0.5099668077934545,0.0865986208338984,15,23,F
221,2710680.0,32965.0,0.06269,0.159762007958789,0.1146335607275535,7,43,M
222,4470360.0,0.0,0.017849,0.2853231683355908,0.1205301572472816,3,24,F
223,1570717.0,10504.0,0.053217,0.3424243304079343,0.1373220481313065,6,63,M
224,3786316.0,24543.0,0.064987,0.3834208701242708,0.1039500247540709,13,43,M
225,3949411.0,0.0,0.039811,0.3386631248866424,0.1364040591098139,4,23,F
226,1302229.0,0.0,0.027567,0.3759474339626134,0.1887491290587989,4,21,M
227,3916816.0,55585.0,0.013791,0.4428812565041576,0.0854367651168464,6,42,F
228,2246018.0,41350.0,0.033713,0.4475075451221413,0.094011554991968,3,38,F
229,1822806.0,9101.0,0.013886,0.4055338082295254,0.153057257970144,1,47,F
230,3780512.0,0.0,0.014849,0.196450515317242,0.2179381471200468,13,28,M
231,996108.0,21161.0,0.016484,0.2446893482522819,0.1530919038648526,16,36,F
232,2518114.0,13562.0,0.034617,0.4471189915348784,0.1317544630504007,4,25,F
233,1205993.0,34211.0,0.049108,0.5379593556905709,0.1316262889869159,16,56,F
234,3627299.0,19116.0,0.012958,0.0798538750543783,0.1183406859072198,14,33,M
235,4538729.0,32514.0,0.0904,0.4151060894868063,0.153500486194894,8,32,F
236,2063930.0,126642.0,0.026523,0.1225004382042989,0.1435680576243965,5,27,F
237,636539.0,0.0,0.037104,0.4986715219675353,0.0853010562300754,12,40,F
238,4203891.0,35409.0,0.032447,0.4881147018389385,0.1295549451402995,3,36,F
239,4505598.0,31078.0,0.01767,0.5379701704820352,0.1120631776180059,15,46,M
240,5609875.0,19721.0,0.101225,0.3703700923044241,0.0427152466237152,5,47,M
241,1351697.0,0.0,0.008671,0.3177582189211591,0.1363991436775888,1,28,F
242,2675171.0,27163.0,0.047425,0.5222879617815701,0.11600280848344,5,26,F
243,1739199.0,46137.0,0.016048,0.3733095923179266,0.0672780210680567,12,19,F
244,820965.0,1830.0,0.04313,0.1646318691899378,0.0814506854282108,1,39,M
245,4787787.0,64660.0,0.064208,0.254618683496158,0.0842713106356399,1,44,M
246,213.0,46753.0,0.056399,0.0253667034696774,0.1250622540202871,5,35,M
247,5905998.0,15185.0,0.066092,0.4494197151251532,0.1620564438239944,6,36,M
248,4139586.0,59747.0,0.05556,0.0862139734341787,0.0613954890804785,11,22,F
249,5284243.0,34369.0,0.009952,0.4423199044640064,0.1188380492977175,17,42,M
250,3734211.0,58272.0,0.021049,0.504727166115148,0.1490675341310241,2,27,M
251,3333049.0,60971.0,0.020781,0.513072432112878,0.077466699394265,7,36,M
252,2927563.0,26916.0,0.027868,0.3068272970950224,0.1000261084924571,17,43,M
253,3552760.0,22696.0,0.020702,0.5433846883183882,0.124520308621081,5,32,M
254,1149994.0,33875.0,0.013663,0.4962375706199347,0.1177421510249616,1,45,F
255,7599659.0,67700.0,0.001131,0.148234801853922,0.1093710123579214,3,25,F
256,2309420.0,52254.0,0.028816,0.2397172289685244,0.0868160484346005,6,42,F
257,4307191.0,63141.0,0.029956,0.0466198402097187,0.1265639690004475,6,40,M
258,2040137.0,73370.0,0.068211,0.2293895440578839,0.1433388962816607,13,37,M
259,6105442.0,34704.0,0.06272,0.3337642999634744,0.1603094156621534,16,37,F
260,234496.0,79180.0,0.048729,0.2879623539720536,0.1336487598966558,5,27,M
261,1053800.0,0.0,0.011591,0.3848399575136738,0.1173038081893816,6,45,M
262,1836354.0,0.0,0.050409,0.3402419018379375,0.093490223299981,3,25,F
263,3984380.0,16084.0,0.036875,0.4479684129952305,0.0610890109808495,6,27,F
264,3003818.0,51422.0,0.045141,0.2602896430096538,0.0860283345471217,11,36,M
265,3046372.0,14074.0,0.056362,0.1468733314297786,0.0958791906555912,13,14,M
266,1771721.0,0.0,0.025044,0.0622198771519413,0.1206220566222281,7,29,M
267,5154073.0,55971.0,0.049484,0.3181405866901196,0.0751289331641011,7,35,F
268,1334339.0,44557.0,0.026736,0.3216404871291242,0.0555423427537678,13,28,F
269,979499.0,15070.0,0.057841,0.2956585870314067,0.1464944018793771,9,47,M
270,3029728.0,53472.0,0.00141,0.4134153063983213,0.0333833907266019,4,24,M
271,4958775.0,42395.0,0.067636,0.4455436314172988,0.1131664467095842,11,46,M
272,1149364.0,30968.0,0.021259,0.1827171281339398,0.108206475807495,15,38,F
273,865332.0,0.0,0.025789,0.3075188411211728,0.1615275465025424,13,14,M
274,4934126.0,0.0,0.015744,0.2289688300485232,0.0784304996043351,7,24,F
275,3885496.0,39075.0,0.064184,0.3368296743107651,0.177967499750707,5,42,M
276,2828152.0,0.0,0.050149,0.4745085556271474,0.1128815323130022,8,32,M
277,3120814.0,72541.0,0.067965,0.2227573924124779,0.1715975643613221,1,26,F
278,5177881.0,65870.0,0.043066,0.2621965389899864,0.1084039210387919,17,28,F
279,6816701.0,93390.0,0.009823,0.6642188902474797,0.0787816953080802,17,37,F
280,3138758.0,88270.0,0.023747,0.2459113297419143,0.1158746581019174,8,21,F
281,5670372.0,0.0,0.038438,0.0421383511673489,0.1581415214029268,2,50,F
282,1224849.0,0.0,0.033552,0.0,0.1297824370805765,16,34,F
283,1333037.0,29331.0,0.03924,0.155139277421974,0.0875356899895145,14,36,F
284,6604136.0,87898.0,0.028899,0.2086489307732249,0.103443403683982,14,23,F
285,6347398.0,3838.0,0.06536,0.2080535495336322,0.1606444979623104,16,38,F
286,3109038.0,24098.0,0.021134,0.2015423533891857,0.1159229923300418,11,54,M
287,4594606.0,0.0,0.091605,0.2702346714654775,0.0922096971065852,16,21,M
288,1294333.0,58775.0,0.028739,0.2537775050074483,0.0765404617598399,12,29,M
289,711030.0,13613.0,0.101541,0.2219535310489762,0.1819919768710509,7,22,F
290,1859387.0,13137.0,0.046081,0.5284220303916936,0.1211749517134216,5,33,F
291,2311894.0,14711.0,0.040651,0.5946227639973616,0.1640911648263367,8,28,M
292,3425159.0,17623.0,0.031994,0.3043204312403444,0.0238107415855768,16,40,F
293,2106271.0,19957.0,0.000438,0.1605613201817847,0.0708650176956534,12,34,M
294,2858174.0,7252.0,0.034146,0.5413990082249398,0.1000512947877755,16,41,M
295,1608362.0,73347.0,0.025935,0.2761288108380522,0.1248058902514932,1,40,M
296,694350.0,33129.0,0.04799,0.0390242071888369,0.1006306021092386,7,25,M
297,3352821.0,0.0,0.006812,0.1823820473264631,0.1016520250644754,13,41,M
298,4036976.0,38509.0,0.001913,0.0697655822049823,0.11019368229306,11,39,F
299,4036582.0,47675.0,0.022944,0.4712734539437307,0.0993018263439381,16,44,M
300,4891488.0,0.0,0.063249,0.1755702118970342,0.1132857976913347,2,47,F
301,2644122.0,11513.0,0.015957,0.2227155916588617,0.1295898309247601,14,44,F
302,1932287.0,55553.0,0.055597,0.3610791756740582,0.1555399620635772,9,36,M
303,2586605.0,0.0,0.044324,0.5741655544034732,0.0553660415351114,16,24,F
304,1234445.0,52318.0,0.024753,0.6609785502330227,0.1173002038641784,1,29,M
305,2879918.0,24010.0,0.049253,0.0208257551313209,0.1533084188628791,9,23,M
306,1746477.0,0.0,0.032221,0.2898898595755951,0.062485387051907,12,45,F
307,1218070.0,187.0,0.034155,0.215480801095322,0.1573625393921278,5,29,M
308,1685780.0,54517.0,0.053151,0.3583938780146254,0.1389464091370321,4,40,F
309,114707.0,28084.0,0.06137,0.7443746192167681,0.1256981306815674,8,36,F
310,2873234.0,58692.0,0.038362,0.0397695831740428,0.16195126325536,2,29,F
311,4375855.0,66.0,0.04838,0.2818391320483623,0.1400426752186015,14,40,F
312,2401604.0,6496.0,0.028542,0.4736406857341076,0.0505775849022761,10,35,M
313,1829558.0,69492.0,0.004154,0.1050160795629698,0.1796169976594447,10,62,F
314,315625.0,0.0,0.02573,0.326373943197125,0.165916802296514,10,23,F
315,2790331.0,46702.0,0.045346,0.3582458737943884,0.1696267165111373,12,44,M
316,6240986.0,42205.0,0.048756,0.3645862194447052,0.0787192861904986,12,39,M
317,5469122.0,61037.0,0.022315,0.3305474463270066,0.1239938088878811,1,41,F
318,5422872.0,0.0,0.0255,0.5730380812304143,0.0920759866636707,16,37,M
319,2659799.0,66616.0,0.088072,0.5473251271320818,0.1011405492797655,5,35,M
320,3938589.0,5990.0,0.021569,0.5053317466414392,0.0627583463133532,13,44,F
321,6009283.0,0.0,0.028227,0.1529121853139279,0.0850202412783608,17,49,F
322,1639301.0,23990.0,0.049604,0.354005343476788,0.1091013035005849,9,50,M
323,1773189.0,27265.0,0.012451,0.1143465462298866,0.1071778330520628,17,53,M
324,1161365.0,8900.0,0.057567,0.3465126815858785,0.1132703218387053,16,29,F
325,3081716.0,0.0,0.088562,0.2510251834279305,0.1186460473341084,4,33,M
326,1713754.0,81329.0,0.065234,0.505621461169619,0.1232873851961203,7,14,F
327,4739700.0,2828.0,0.098198,0.1802459346796297,0.1352818115630801,9,37,M
328,186766.0,3024.0,0.02016,0.2904225363736263,0.1389425372866494,1,20,M
329,3795559.0,0.0,0.004046,0.4356103953626847,0.090938224523315,11,28,F
330,457794.0,64052.0,0.026922,0.3039435838890078,0.0635023316745742,16,30,M
331,2478657.0,25825.0,0.008205,0.4523767765521242,0.0780292861374384,4,32,M
332,4444916.0,0.0,0.035548,0.181566573009959,0.0813329776434858,4,49,M
333,7482964.0,0.0,0.046626,0.4919433409109391,0.1263281353584475,9,29,F
334,3115534.0,0.0,0.02777,0.246815561457239,0.1304813855983127,2,39,M
335,1690241.0,31961.0,0.02866,0.4134447339731557,0.160192911990979,2,31,F
336,624861.0,0.0,0.052662,0.2629867897372379,0.0601581263621641,15,22,F
337,2729246.0,81992.0,0.000582,0.3513070528246502,0.0961154222790747,3,26,M
338,5885303.0,85961.0,0.024443,0.3853988020689337,0.1461004807854035,10,51,F
339,1054554.0,31208.0,0.082324,0.3381267593614803,0.0324670612418873,17,22,M
340,4924655.0,36222.0,0.019379,0.2461797767726542,0.1285813371430395,7,36,F
341,145983.0,0.0,0.023295,0.4855671566605528,0.0837650404656065,14,29,F
342,1925492.0,71842.0,0.02013,0.4159788924299685,0.1115371613859654,2,42,F
343,2684437.0,9307.0,0.035438,0.2671811140135882,0.1278026698720186,10,39,F
344,724772.0,43707.0,0.030614,0.2340640020192491,0.1172255600074318,8,41,M
345,3688125.0,54508.0,0.022692,0.3818259448996488,0.1602974990404192,7,46,F
346,858646.0,7988.0,0.013047,0.1420466765762398,0.0782664078443338,5,28,M
347,3611579.0,0.0,0.039907,0.1753151402240237,0.104962384178455,1,44,F
348,2714363.0,0.0,0.016409,0.1500369408461723,0.1297209466723741,3,48,M
349,346087.0,17268.0,0.003649,0.36073249397599,0.1023020703143833,4,35,M
350,5945844.0,47893.0,0.036305,0.4362684857128537,0.1552264698395077,16,23,F
351,3322027.0,101446.0,0.020598,0.6276554291471073,0.0977360780066818,10,39,M
352,4136773.0,17060.0,0.017573,0.2141148036961965,0.1078816467205021,2,18,F
353,2286796.0,66130.0,0.054,0.1915003087676436,0.1153484246549138,5,15,F
354,1401248.0,0.0,0.065512,0.5595270313136367,0.1151779115412286,7,22,M
355,3245301.0,0.0,0.045965,0.4823121002502822,0.1598914328959171,4,25,F
356,2456248.0,67992.0,0.030685,0.2796770079835909,0.1285843081653286,10,21,F
357,213.0,0.0,0.079159,0.4842815135793347,0.0772765266487967,8,20,M
358,1498944.0,1844.0,0.057899,0.4807265939663601,0.0326671720958674,17,21,M
359,2382132.0,20452.0,0.052497,0.3713540251568201,0.1339208128226578,15,41,M
360,1812696.0,7463.0,0.07165,0.3692684141067947,0.0769370838688372,7,29,M
361,1405963.0,62085.0,0.051172,0.5000502808139461,0.0928638449229026,9,28,M
362,2918326.0,0.0,0.010412,0.3737184324868447,0.0793991749997057,12,35,F
363,3058148.0,33670.0,0.021695,0.0232522793373115,0.0914557639153748,3,39,M
364,213.0,12623.0,0.065069,0.0116871495761355,0.1236575446507695,5,20,F
365,4163102.0,0.0,0.096103,0.2506080453467244,0.2027674939468995,5,44,M
366,3356931.0,29102.0,0.023869,0.0,0.1012822873659185,3,44,F
367,5755468.0,79595.0,0.053021,0.525018792756043,0.1530346206281908,17,57,M
368,1427400.0,39878.0,0.087174,0.512541570735963,0.1609294213892284,13,37,M
369,2740659.0,6745.0,0.029522,0.2687113025800867,0.1162737902450818,13,40,F
370,1627087.0,56262.0,0.067178,0.2407491076930538,0.0333555015607912,4,57,F
371,3695697.0,25626.0,0.093976,0.3094722469480168,0.0760802073417467,10,36,F
372,6902786.0,35682.0,0.038269,0.2299492474696244,0.1249002536489036,17,18,F
373,4936385.0,43810.0,0.042805,0.2532995052932623,0.0869404089114649,3,30,M
374,1087069.0,25876.0,0.090221,0.4599331280218354,0.0946381470864538,10,46,M
375,1461608.0,6033.0,0.039051,0.2838587363005173,0.1053484226551488,15,30,F
376,2640784.0,43787.0,0.065755,0.1241666950164903,0.1225601349528328,4,37,M
377,1742194.0,23751.0,0.027197,0.2104395218206757,0.162534224060429,6,41,F
378,3377264.0,42119.0,0.075237,0.1628058589261178,0.0749708472782291,14,45,M
379,1595460.0,2936.0,0.022437,0.3834307902270228,0.1151397601836787,3,41,F
380,4939607.0,38186.0,0.005686,0.5216596646830991,0.1259955789502498,14,44,F
381,4156314.0,66518.0,0.031311,0.1754801725295235,0.0321684099952511,11,31,M
382,5565838.0,0.0,0.018147,0.4127591282096055,0.1893770108592913,7,28,M
383,1267448.0,0.0,0.017134,0.2858720603570326,0.1352286996912208,16,42,F
384,1316039.0,53740.0,0.041375,0.2050877334792086,0.1107815020316033,15,47,M
385,4494755.0,37044.0,0.048182,0.3988303574998209,0.0887378254550123,11,33,F
386,5146860.0,18279.0,0.065315,0.4244621447769484,0.122092749115502,4,38,F
387,3098273.0,53918.0,0.04184,0.3920792103994714,0.1218533178184211,2,22,M
388,2488378.0,0.0,0.030811,0.6210368578366587,0.1027805721943949,6,40,F
389,2525797.0,0.0,0.049248,0.2167226643261115,0.132093583293607,14,42,M
390,1281783.0,50648.0,0.006275,0.652165374314186,0.1016623104276089,4,37,F
391,2846859.0,12247.0,0.041558,0.4320338845633749,0.077611879101777,15,39,M
392,169501.0,37983.0,0.026477,0.2818875410003246,0.0923984387148272,12,30,M
393,3785571.0,0.0,0.066679,0.3440370094006428,0.0815901364435428,15,29,F
394,2065146.0,72571.0,0.025059,0.2063196067622619,0.1005409792709098,7,39,F
395,416204.0,20933.0,0.036237,0.4320915801529346,0.1987397209621762,7,37,M
396,6230306.0,16392.0,0.023009,0.4881831317084596,0.1265020643651245,1,21,M
397,2334639.0,16999.0,0.043221,0.397870603172222,0.0926795971740191,7,35,F
398,3498655.0,60807.0,0.052739,0.5857865518498077,0.0951806259439707,14,49,M
399,977833.0,51815.0,0.041758,0.4503761764185096,0.1376881162930462,8,45,M
400,708703.0,0.0,0.013074,0.1697520747766495,0.0951364452284139,7,36,M
401,5524867.0,50484.0,0.072582,0.4171384614117576,0.0497556580964501,15,29,F
402,1323061.0,3523.0,0.097421,0.2199834873369719,0.0642340377274985,10,25,M
403,3595590.0,0.0,0.087082,0.2641636617360692,0.1131093085241789,7,30,F
404,3789789.0,19742.0,0.036741,0.4819397509624027,0.0851611868342119,3,39,M
405,1288936.0,0.0,0.059136,0.0604508608030483,0.084700919905476,6,32,F
406,3288235.0,69524.0,0.008345,0.2223730902250601,0.1331952713303582,17,41,F
407,4954955.0,102055.0,0.007731,0.0,0.1280087196533201,13,41,F
408,4001187.0,46168.0,0.015529,0.2006269332591003,0.083493683012672,9,27,F
409,6362912.0,34257.0,0.05401,0.1891092095482403,0.1663190572938688,3,40,F
410,2226407.0,52602.0,0.023174,0.3411639579410518,0.1300856845692558,7,20,F
411,6074637.0,14768.0,0.044772,0.0064943454202979,0.1574769733721808,17,22,M
412,213.0,11869.0,0.034814,0.6256937905963311,0.1105369696197993,17,36,F
413,611873.0,54807.0,0.00048,0.035872337535544,0.0919105258585866,11,52,F
414,2757702.0,81256.0,0.033559,0.2077341883374735,0.1032749677860693,8,31,F
415,213.0,90586.0,0.072094,0.1821991957119415,0.0982078221633146,6,30,M
416,861737.0,10900.0,0.034741,0.4361975414349182,0.1103428596328129,15,42,F
417,568263.0,21922.0,0.017062,0.2946248421737003,0.0868339914330198,13,39,F
418,5924716.0,93732.0,0.026029,0.449043651209333,0.1081034694861554,14,30,F
419,2182069.0,0.0,0.059318,0.3364833373796736,0.1083837864186422,1,21,M
420,1754595.0,15609.0,0.001732,0.0,0.1109989368122946,1,30,M
421,1915521.0,36007.0,0.05707,0.4212797279011059,0.0674309555014337,2,24,M
422,2257430.0,41673.0,0.059248,0.2437995910993687,0.0535442805592628,16,39,M
423,3290853.0,24226.0,0.040399,0.204012753610542,0.1181397742662744,16,46,M
424,3526128.0,62006.0,0.021777,0.2766805742886962,0.1054011499722774,9,29,F
425,3170814.0,25166.0,0.000691,0.555258812732034,0.12573719377665,4,44,F
426,4584722.0,28476.0,0.057116,0.0102616592889031,0.136603371242875,5,43,M
427,5869521.0,7254.0,0.047247,0.2603154683824464,0.0487564277025836,8,46,F
428,4763007.0,39964.0,0.012709,0.2471625049490462,0.134175518801151,15,16,M
429,254477.0,29818.0,0.026589,0.0486005209575196,0.1244414776536092,5,31,M
430,1525741.0,30012.0,0.040973,0.1466502889387151,0.1080368809629181,9,41,M
431,561458.0,54130.0,0.019886,0.0712719326381756,0.1005086070017588,10,22,M
432,2210270.0,11592.0,0.043232,0.1408802435407745,0.0940060108736326,5,31,F
433,3250233.0,63091.0,0.040974,0.3427597415727925,0.087989847406421,1,22,M
434,6850675.0,21799.0,0.071267,0.3714686949698554,0.0783556149548514,4,34,F
435,3151416.0,93550.0,0.032177,0.2920310487620588,0.1255534910452489,6,35,M
436,4333469.0,62761.0,0.003897,0.3397898654050604,0.1343050063862161,14,24,F
437,431728.0,24367.0,0.013495,0.4320093625709088,0.1263650237749695,6,32,F
438,878306.0,6060.0,0.067285,0.630532754527036,0.1051081155401466,2,27,M
439,3424364.0,80071.0,0.006925,0.327622346743015,0.1093059159163712,16,50,M
440,5843099.0,5996.0,0.023889,0.5908434207080377,0.0785499109874372,4,36,F
441,4283150.0,71492.0,0.062444,0.2079322227169663,0.1556335598947425,13,39,F
442,5990752.0,8191.0,0.048052,0.2028835357899649,0.0698679486202934,13,44,F
443,2003638.0,0.0,0.018981,0.3806125175296982,0.0507439523400961,16,28,F
444,1963689.0,91272.0,0.055912,0.0734626715628655,0.0743797923720607,15,44,F
445,1273887.0,31540.0,0.026554,0.3699825078383302,0.1078088857424166,2,43,F
446,3915506.0,89475.0,0.052112,0.4892276194782349,0.0452370010767895,10,35,M
447,4091970.0,84408.0,0.044419,0.3871896719368533,0.0981160498200846,9,14,F
448,3208390.0,36966.0,0.044309,0.3926464652487824,0.1230069077034783,1,30,M
449,7534931.0,58685.0,0.034369,0.0527171030702579,0.188825195188373,2,27,F
450,2043995.0,24701.0,0.072915,0.435738681092179,0.1267617773892137,17,38,M
451,170232.0,26523.0,0.042321,0.5887161073098268,0.1214254132730667,9,25,F
452,2904421.0,60753.0,0.007322,0.3454051721661222,0.1262118097627123,16,51,M
453,227061.0,47798.0,0.004398,0.2450945748553349,0.074868827027571,4,31,F
454,3679048.0,32918.0,0.060423,0.4137425393954952,0.1692986458379504,6,41,M
455,1716859.0,67452.0,0.032365,0.33164237769513,0.1123661366717675,17,20,M
456,5034016.0,0.0,0.042347,0.6113429816829565,0.084914672775766,15,38,M
457,5685078.0,46942.0,0.038247,0.4212901724580958,0.1038526584279789,12,33,F
458,2653890.0,24855.0,0.030665,0.507296846074863,0.063290720811331,2,25,M
459,3857397.0,0.0,0.002064,0.2511658754550944,0.0763190437995133,12,39,M
460,5509105.0,12826.0,0.0729,0.4102920652225954,0.1432906762947299,8,42,M
461,4369515.0,26428.0,0.023192,0.2153987034070771,0.0775731894443812,1,38,F
462,5245234.0,14120.0,0.025073,0.2619301928143202,0.1253087861529425,12,35,F
463,4922554.0,56487.0,0.006314,0.0683785955590282,0.0846902602237827,9,35,F
464,2942744.0,40821.0,0.065607,0.2418461799955269,0.088165580959265,4,28,M
465,551051.0,0.0,0.059253,0.1565415137765931,0.1329903112021651,14,34,F
466,214808.0,0.0,0.089739,0.0,0.1499719444294982,7,43,F
467,6700787.0,33925.0,0.041569,0.5152296798753488,0.094869770894152,8,26,F
468,1843786.0,7131.0,0.050715,0.1714753279394803,0.1363347404684485,6,51,M
469,2096687.0,22085.0,0.020049,0.1484122680323635,0.1406460285770068,16,31,F
470,4869071.0,22144.0,0.026157,0.2129071143262269,0.1189652752842247,8,37,M
471,5060586.0,63203.0,0.041943,0.0119180832027798,0.0879299793119862,6,40,M
472,1631444.0,0.0,0.024747,0.2799485652321598,0.1589000423221109,2,33,M
473,2920580.0,15444.0,0.062233,0.3032858658277833,0.0546378260133772,3,45,M
474,4536473.0,0.0,0.016695,0.4824093190140252,0.0971053111095111,13,37,F
475,7822561.0,50448.0,0.067403,0.2765637691623788,0.1544215437439419,3,43,F
476,5290830.0,13957.0,0.045618,0.0460316340359326,0.08750659339979,9,29,M
477,1555888.0,12495.0,0.003466,0.338160117509202,0.126096581929591,9,41,M
478,672957.0,978.0,0.065594,0.1640501495493381,0.1342849308213137,3,39,M
479,3705622.0,60385.0,0.023727,0.5288304879759778,0.1145692878494388,1,26,M
480,4080805.0,53296.0,0.028288,0.0771795665793206,0.0805132888409889,4,35,F
481,1636516.0,0.0,0.021942,0.3116925677448401,0.0859253292510632,11,46,F
482,2937761.0,0.0,0.025359,0.4375033977157294,0.0949997599872389,3,30,M
483,3976688.0,0.0,0.038199,0.6399709066396233,0.1308069142310015,5,29,M
484,2644399.0,90022.0,0.009648,0.4330483307965453,0.1952576534609009,12,36,M
485,2695241.0,41687.0,0.025022,0.1402588825228989,0.1190273954059587,14,37,F
486,213.0,65582.0,0.062121,0.0293346628578602,0.1225910002635271,16,33,F
487,327780.0,24991.0,0.04167,0.3743955642456731,0.1091122585030702,1,23,F
488,213.0,61404.0,0.015036,0.3456353304159728,0.081507656135066,17,28,M
489,4173424.0,84981.0,0.037641,0.5565553174541851,0.1150936068613158,17,44,F
490,1814873.0,14310.0,0.046029,0.3086072075665921,0.0898869805653376,9,41,M
491,1337343.0,93003.0,0.063459,0.124589193680856,0.0894806013665399,1,41,F
492,4814488.0,53698.0,0.04109,0.4708380425869857,0.0885839254286297,15,39,F
493,730596.0,75460.0,0.005936,0.3687436665148234,0.0904060153787504,8,39,F
494,1359541.0,0.0,0.04303,0.2544001304693025,0.1102835905194355,6,41,M
495,3710151.0,87164.0,0.074459,0.2292889149740124,0.0542287865912695,3,32,F
496,2254756.0,7193.0,0.061366,0.4546969325078683,0.0797952238910836,14,40,F
497,4525880.0,0.0,0.042814,0.1765012153885777,0.0624798532561658,13,14,M
498,2297066.0,62310.0,0.0233,0.2951908534951316,0.0812470182671837,9,16,F
499,6344929.0,2225.0,0.085925,0.0,0.1114491085412145,11,24,M
500,3792025.0,49410.0,0.050481,0.4135252446697334,0.080221861603838,1,27,M
